<?xml version="1.0" encoding="UTF-8"?>

<!DOCTYPE mapper
  PUBLIC "-//mybatis.org//DTD Mapper 3.0//EN"
  "http://mybatis.org/dtd/mybatis-3-mapper.dtd">
  
 
 <mapper namespace="mybatis.UInfoDAOImpl">
 
  <!-- 리스트 출력수  -->
	<select id="getTotalCount" resultType="int">
  	SELECT COUNT(*) from info_univ
  </select>

 
 	
 <!-- 출력  -->
  <select id="listPage" resultType="mybatis.AllInfoDTO">
   SELECT * FROM (
      SELECT Tb.*, rownum rNum FROM (
         SELECT * FROM info_univ ORDER BY uname DESC
      ) Tb
   )
   WHERE rNum BETWEEN #{param1} AND #{param2}
    </select>
 	
<!--대학 검색 체크리스트 (로그인 안함)  -->
 	<select id="searchC" resultType="mybatis.AllInfoDTO" >
	SELECT * FROM (SELECT Tb.*, ROWNUM rNum FROM 
	(SELECT * FROM info_univ WHERE u_type =#{param1,jdbcType=VARCHAR}
		AND	uname LIKE '%'||#{param2,jdbcType=VARCHAR}||'%'
		AND location LIKE '%'||#{param3,jdbcType=VARCHAR}||'%'
		AND p_type LIKE '%'||#{param4,jdbcType=VARCHAR}||'%'
		)Tb)WHERE rNum BETWEEN #{param5,jdbcType=INTEGER} AND #{param6,jdbcType=INTEGER}

 	</select>
 	
 <!-- 대학 검색 (로그인한 아이디 같은 경우) -->
 	<select id="searchC1" resultType="mybatis.AllInfoDTO" >
	SELECT * FROM (SELECT Tb.*, ROWNUM rNum FROM 
	(SELECT * FROM info_univ LEFT OUTER JOIN interest_univ ON interest_univ.univ_uname = info_univ.uname
	WHERE (id =#{param1,jdbcType=VARCHAR} OR id is null)
		AND u_type =#{param2,jdbcType=VARCHAR}
		AND	uname LIKE '%'||#{param3,jdbcType=VARCHAR}||'%'
		AND location LIKE '%'||#{param4,jdbcType=VARCHAR}||'%'
		AND p_type LIKE '%'||#{param5,jdbcType=VARCHAR}||'%'
		)Tb)WHERE rNum BETWEEN #{param6,jdbcType=INTEGER} AND #{param7,jdbcType=INTEGER}

 	</select>
 	
 	
 	
 	

<!-- 학과 검색 체크리스트 -->
	
 	<select  id="searchH" resultType="mybatis.AllInfoDTO" >
 		SELECT * FROM info_major INNER JOIN info_univ ON info_major.univ_uname = info_univ.uname
 			WHERE  u_type =#{param1,jdbcType=VARCHAR}
 			AND	info_univ.uname LIKE '%'||#{param2}||'%'
			AND major LIKE '%'||#{param3}||'%'
			AND major1 LIKE '%'||#{param4}||'%'
			AND major2 LIKE '%'||#{param5}||'%'
			AND location LIKE '%'||#{param6}||'%'
 	</select>
 
 <!-- 전형 검색 체크리스트 (로그인을 하지않은경우) -->	
 	<select  id="searchJ" resultType="mybatis.AllInfoDTO" >
 		SELECT * FROM info_junh INNER JOIN info_univ ON info_junh.univ_uname = info_univ.uname
 								INNER JOIN info_major On info_junh.major_idx = info_major.idx
 			WHERE u_type =#{param1,jdbcType=VARCHAR}
 			AND	info_univ.uname LIKE '%'||#{param2}||'%'
			AND recruit_time LIKE '%'||#{param3}||'%'
			AND enter_type LIKE '%'||#{param4}||'%'
			AND enter_name LIKE '%'||#{param5}||'%'
			AND location LIKE '%'||#{param6}||'%'
			AND enter_ele LIKE '%'||#{param7,jdbcType=VARCHAR}||'%'
			AND major LIKE '%'||#{param8}||'%'
			AND major1 LIKE '%'||#{param9}||'%'
			AND major2 LIKE '%'||#{param10}||'%'
 	</select>
 	
 <!-- 전형 검색 체크리스트 (로그인 한 경우) -->	
 	<select  id="searchJ1" resultType="mybatis.AllInfoDTO" >
 		SELECT * FROM info_junh INNER JOIN info_univ ON info_junh.univ_uname = info_univ.uname
 								INNER JOIN info_major On info_junh.major_idx = info_major.idx
 								LEFT OUTER JOIN interest_junh ON interest_junh.junh_idx = info_junh.idx
 			WHERE (id =#{param1,jdbcType=VARCHAR} OR id is null)
 			AND u_type =#{param2,jdbcType=VARCHAR}
 			AND	info_univ.uname LIKE '%'||#{param3}||'%'
			AND recruit_time LIKE '%'||#{param4}||'%'
			AND enter_type LIKE '%'||#{param5}||'%'
			AND enter_name LIKE '%'||#{param6}||'%'
			AND location LIKE '%'||#{param7}||'%'
			AND enter_ele LIKE '%'||#{param8,jdbcType=VARCHAR}||'%'
			AND major LIKE '%'||#{param9}||'%'
			AND major1 LIKE '%'||#{param10}||'%'
			AND major2 LIKE '%'||#{param11}||'%'
 	</select>
 	
 	<!-- 성적 분석용 -->
 	<select  id="searchJ_all" resultType="mybatis.AllInfoDTO" >
 		SELECT * FROM info_junh INNER JOIN info_univ ON info_junh.univ_uname = info_univ.uname
 								INNER JOIN info_major On info_junh.major_idx = info_major.idx
 			WHERE info_univ.uname LIKE '%'||#{param1}||'%'
			AND recruit_time LIKE '%'||#{param2}||'%'
			AND enter_type LIKE '%'||#{param3}||'%'
			AND enter_name LIKE '%'||#{param4}||'%'
			AND location LIKE '%'||#{param5}||'%'
			AND enter_ele LIKE '%'||#{param6,jdbcType=VARCHAR}||'%'
			AND major LIKE '%'||#{param7}||'%'
			AND major1 LIKE '%'||#{param8}||'%'
			AND major2 LIKE '%'||#{param9}||'%'
 	</select>
 <!-- 전형검색-메인 -->
 <select id="searchJ_main" resultType="mybatis.AllInfoDTO">
 	select * from info_junh inner join info_major on info_major.idx = info_junh.major_idx 
 	where recruit_time LIKE '%'||#{param1}||'%' AND hak_avg <![CDATA[ >= ]]> #{param2}
 </select>
 
 <!-- 전형검색-메인-카운트 -->
 <select id="searchJ_main_count" resultType="int">
 	select count(*) from info_junh inner join info_major on info_major.idx = info_junh.major_idx 
 	where recruit_time LIKE '%'||#{param1}||'%' AND hak_avg <![CDATA[ >= ]]> #{param2}
 </select>
 
 <select id="select_junh_by_id" resultType="mybatis.AllInfoDTO">
 		select * from info_junh where idx=#{param1}
 	</select>
 	
 <!-- 대계열 검색 -->
 	<select id="listM1" resultType="mybatis.AllInfoDTO">
 		SELECT major1 FROM info_major GROUP BY major1
 	</select>
 <!-- 중계열 검색 -->	
 	<select id="listMj2" resultType="mybatis.AllInfoDTO">
 		SELECT major2 from info_major WHERE major1 LIKE '%'||#{param1}||'%' GROUP BY major2
 	</select>
 <!-- 전공명 검색 -->	
 	<select id="listMj3" resultType="mybatis.AllInfoDTO">
 		SELECT major from info_major WHERE major1 LIKE '%'||#{param1}||'%' AND major2 LIKE '%'||#{param2}||'%' GROUP BY major
 	</select>
 	
 
 <!-- 관심대학 추가 -->
 	<insert id="interest_chk">
 		INSERT INTO interest_univ(idx,id,univ_uname)
 		 VALUES (interest_seq.nextval,#{param1},#{param2,jdbcType=VARCHAR}) 
 	</insert>
 	
 <!-- 관심대학 삭제 -->
 	<delete id="interest_unchk">
 		DELETE FROM interest_univ WHERE id=#{param1} AND univ_uname=#{param2,jdbcType=VARCHAR}
 	</delete>
 	
  <!-- 관심전형 추가 -->
 	<insert id="interest_chkJ">
 		INSERT INTO interest_junh(j_idx,junh_idx,id)
 		 VALUES (interest_j.nextval,#{param1},#{param2}) 
 	</insert>
 	
 <!-- 관심전형 삭제 -->
 	<delete id="interest_unchkJ">
 		DELETE FROM interest_junh WHERE junh_idx=#{param1} AND id=#{param2}
 	</delete>
	
 </mapper>