<?xml version="1.0" encoding="UTF-8"?>

<!DOCTYPE mapper
  PUBLIC "-//mybatis.org//DTD Mapper 3.0//EN"
  "http://mybatis.org/dtd/mybatis-3-mapper.dtd">
  
 
 <mapper namespace="mybatis.UInfoDAOImpl">
 
 <!-- 리스트 출력수  -->
 	<select id="getTotalCount" resultType="int">
 		SELECT COUNT(*) from info_univ
 	</select>
 	
 <!-- 출력  -->
 	<select id="listPage" resultType="mybatis.HInfoDTO">
 		SELECT * FROM info_major
 	</select>
 	
<!--대학 검색 체크리스트  -->
 	<select id="searchC" resultType="mybatis.UInfoDTO">
	SELECT * FROM info_univ WHERE u_type =#{param1,jdbcType=VARCHAR}
		AND	uname LIKE '%'||#{param2}||'%'
		AND location LIKE '%'||#{param3}||'%'
		AND p_type LIKE '%'||#{param4}||'%'

 	</select>

<!-- 학과 검색 체크리스트 -->
	
 	<select  id="searchH" resultType="mybatis.AllInfoDTO" >
 		SELECT * FROM info_major INNER JOIN info_univ ON info_major.uname = info_univ.uname
 			WHERE  u_type =#{param1,jdbcType=VARCHAR}
 			AND	info_univ.uname LIKE '%'||#{param2}||'%'
			AND major LIKE '%'||#{param3}||'%'
			AND major1 LIKE '%'||#{param4}||'%'
			AND major2 LIKE '%'||#{param5}||'%'
			AND location LIKE '%'||#{param6}||'%'
 	</select>
 
 <!-- 전형 검색 체크리스트 -->	
 	<select  id="searchJ" resultType="mybatis.AllInfoDTO" >
 		SELECT * FROM info_junh INNER JOIN info_univ ON info_junh.uname = info_univ.uname
 								INNER JOIN info_major On info_junh.idx = info_major.idx
 			WHERE u_type =#{param1,jdbcType=VARCHAR}
 			AND	info_univ.uname LIKE '%'||#{param2}||'%'
			AND recruit_time LIKE '%'||#{param3}||'%'
			AND enter_type LIKE '%'||#{param4}||'%'
			AND enter_name LIKE '%'||#{param5}||'%'
			AND location LIKE '%'||#{param6}||'%'
			AND enter_ele LIKE '%'||#{param7,jdbcType=VARCHAR}||'%'
			AND enter_test LIKE '%'||#{param8}||'%'
			AND major LIKE '%'||#{param9}||'%'
			AND major1 LIKE '%'||#{param10}||'%'
			AND major2 LIKE '%'||#{param11}||'%'
 	</select>
 	
 	
 	<select id="listM1" resultType="mybatis.AllInfoDTO">
 		SELECT * FROM info_major
 	</select>
 	
	
 </mapper>
  
